id;sec_1_img;sec_1_titre;sec_1_desc
1;intermediate;Mille parsing olive;Gorgeous
2;Coordinateur Card;Montmorency Thaïlande Île-de-France;hack
3;transmitter;Bhoutan;digital applications
4;c services matrix;Nord-Pas-de-Calais Wooden b;Keyboard
5;concept c;disintermediate;generating
6;Pa'anga AI collaboration;Bonaparte redundant;c
7;projection interfaces mindshare;extend;solution-oriented
8;cutting-edge orchid Fresh;lavender;Tasty Towels Steel
9;Soft Borders;Account experiences;transmit
10;Investment expedite wireless;Home Tasty;reboot bypass Ergonomic
